AC,DE - RecName: Full
P81694;,Omega-ctenitoxin-Cs1a
P0DL72;,Toxin GTx1-15 
C0HKG8; D5GSJ8; D5GSJ9; D7FBA1; D7FBA3; P86381; P86429; P86430;,DELTA-miturgitoxin-Cp1b 
C0HKG7; D5GSJ8; D5GSJ9; D7FBA1; D7FBA3; P86381; P86429; P86430;,DELTA-miturgitoxin-Cp1a 
C0HKG9; D5GSJ8; D5GSJ9; D7FBA1; D7FBA3; P86381; P86429; P86430;,DELTA-miturgitoxin-Cp1c 
P0CE80; B2KKV9; P83045; Q3HL91; Q6W8Q5; Q7YW73;,Phospholipase D LiSicTox-alphaIA1a
Q8I914;,Phospholipase D LlSicTox-alphaIII1i
P0CE79; Q5I225; Q5YD74;,Phospholipase D LrSicTox-alphaIA1ii
Q1W695;,Phospholipase D LiSicTox-alphaII1
Q1W694;,Phospholipase D LiSicTox-betaID1
P0CE83; P83046; Q2XQV2; Q6W8Q4;,Phospholipase D LiSicTox-alphaIA2ai
A0A059T2H4; C0HJD4;,DELTA-miturgitoxin-Cp2a 
Q4ZFU2;,Phospholipase D LarSicTox-alphaIB2bi
P0CE81; B2KKV9; P83045; Q3HL91; Q6W8Q5; Q7YW73;,Phospholipase D LiSicTox-alphaIA1bi
E5D3Z8;,Phospholipase D isoform 1
P49126;,Mu-diguetoxin-Dc1a
P17727;,Mu-ctenitoxin-Pn1a
P61095;,Mu-segestritoxin-Sf1a 
P0CE84; P83046; Q2XQV2; Q6W8Q4;,Phospholipase D LiSicTox-alphaIA2aii
Q5YD77;,Phospholipase D LbSicTox-alphaIB1a
O46166;,U1-agatoxin-Ta1a 
Q1KY80;,Phospholipase D LlSicTox-alphaIII1ii
Q5YD75;,Phospholipase D LrSicTox-alphaIB1
Q1KY79;,Phospholipase D LlSicTox-alphaIII2
P0CE82; B2KKV9; P83045; Q3HL91; Q6W8Q5; Q7YW73;,Phospholipase D LiSicTox-alphaIA1bii
P59367;,GAMMA-ctenitoxin-Pn1a 
D5J6X1; D5J6X4;,Omega-theraphotoxin-Cc1a 
P0DM60; R9UDZ9;,Phospholipase D LiRecDT7
A4USB4;,Phospholipase D LiSicTox-alphaV1
Q8I912;,Phospholipase D LlSicTox-betaIA1
P0CH43; D7QZ10;,Tau-theraphotoxin-Hs1a 
A0FKN6;,Astacin-like metalloprotease toxin 1
W5U5X5; A0A059T2B8; C0HJD5;,DELTA-miturgitoxin-Cp3a 
P69502;,Phospholipase D LgSicTox-alphaI-Loxn-A
Q7M485;,Phospholipase D LrSicTox-alphaI-1
Q7Z1Y7; Q7Z1N1; Q7Z1N2;,Phospholipase D LarSicTox-alphaIB2a
B2KKV6;,Phospholipase D LiSicTox-alphaIA2bi
B2KKW0;,Phospholipase D LiSicTox-alphaII2
B2KKV7;,Phospholipase D LiSicTox-alphaIA2bii
B2KKV8;,Phospholipase D LiSicTox-alphaIA2aiii
P58604;,U1-ctenitoxin-Cs1a
Q2XQ09; B2KKW1; Q27Q55;,Phospholipase D LiSicTox-betaIA1i
O46167;,U1-agatoxin-Ta1b
Q4ZFU1;,Phospholipase D LarSicTox-alphaIB1ai
P83303; B3FIU7; B3FIU8; B3FIU9; Q86C52;,Huwentoxin-IV 
P82228;,Kappa-hexatoxin-Hv1c
Q8I913;,Phospholipase D LlSicTox-alphaIII3i
P0CE78; Q5I225; Q5YD74;,Phospholipase D LrSicTox-alphaIA1i
D2Y232; P83471;,Mu-theraphotoxin-Hhn1b 1
P58426;,Kappa-sparatoxin-Hv1b
P85975;,Zinc metalloproteinase partitagin 
P83561; Q75WH0;,Beta-hexatoxin-Mg1a
D2Y233; P83471;,Mu-theraphotoxin-Hhn1b 2
D2Y2D7; P83471;,Mu-theraphotoxin-Hhn1b 3
D2Y2D3; P83464;,Hainantoxin-III 11 
D2Y1Y1; P83464;,Hainantoxin-III 
D2Y1Z8; P83464;,Hainantoxin-III 8 
D2Y2D1; P83464;,Hainantoxin-III 9 
D2Y2D2; P83464;,Hainantoxin-III 10 
D2Y1Y0; P83464;,Hainantoxin-III 2 
D2Y1Y2; P83464;,Hainantoxin-III 4 
D2Y1Y3; P83464;,Hainantoxin-III 5 
D2Y1Z4; P83464;,Hainantoxin-III 6 
D2Y1Z7; P83464;,Hainantoxin-III 7 
P34079;,Omega-plectoxin-Pt1a
P23631; O76456; Q25328;,Alpha-latrotoxin-Lt1a
P83257;,Delta-amaurobitoxin-Pl1b
P68425; B2ZBB7; B3FIU6;,Kunitz-type kappaPI-theraphotoxin-Hs1a
D2Y2I3; P83464;,Hainantoxin-III 12 
D2Y1X9; P83464;,Hainantoxin-III 1 
C0JAU3;,Phospholipase D LapSicTox-alphaIB2
C0HL38;,Insect toxin mu-NPTX-Nc1a 
K9USW8;,Phospholipase D LgRec1
C0JAW2;,Phospholipase D LapSicTox-alphaIB1b3
C0JAU4;,Phospholipase D LarSicTox-alphaIB2bii
C0JAX1;,Phospholipase D LdSicTox-alphaIB1avi
C0JAU5;,Phospholipase D LdSicTox-alphaIB2
E5D3Z9;,Phospholipase D isoform 2
C0JAW8;,Phospholipase D LdSicTox-alphaIB1aiii
C0JAW6;,Phospholipase D LdSicTox-alphaIB1ai
C0JAV8;,Phospholipase D LapSicTox-alphaIB1bi
C0JAV7;,Phospholipase D LapSicTox-alphaIB1c
C0JAU6;,Phospholipase D LarSicTox-alphaIB2c
C0JAV9;,Phospholipase D LapSicTox-alphaIB1b2
C0JAV5;,Phospholipase D LapSicTox-alphaIB1aiii
C0JAX0;,Phospholipase D LdSicTox-alphaIB1av
C0JAW3;,Phospholipase D LarSicTox-alphaIB1c
C0JB09;,Phospholipase D LarSicTox-alphaIII1
C0JAW4;,Phospholipase D LdSicTox-alphaIB1bi
C0JAV1;,Phospholipase D LarSicTox-alphaIB1aiii
C0JAW7;,Phospholipase D LdSicTox-alphaIB1aii
C0JAU7;,Phospholipase D LsaSicTox-alphaIB2i
C0JAV4;,Phospholipase D LapSicTox-alphaIB1aii
C0JAV2;,Phospholipase D LarSicTox-alphaIB1aiv
C0JAW9;,Phospholipase D LdSicTox-alphaIB1aiv
C0JAV3;,Phospholipase D LapSicTox-alphaIB1ai
C0JAV6;,Phospholipase D LapSicTox-alphaIB1aiv
C0JAV0;,Phospholipase D LarSicTox-alphaIB1aii
C0JAW5;,Phospholipase D LdSicTox-alphaIB1bii
C0JAW0;,Phospholipase D LarSicTox-alphaIB1b
C0JAU9;,Phospholipase D LsaSicTox-alphaIB2iii
C0JAU8;,Phospholipase D LsaSicTox-alphaIB2ii
P0C2K0;,Phospholipase D LbSicTox-alphaIB1b
Q27Q54; B2KKW2;,Phospholipase D LiSicTox-betaIA1ii
Q56JA9;,Phospholipase D LsSicTox-alphaIA1
Q75WH2;,U12-hexatoxin-Mg1a
P81792;,Omega-ctenitoxin-Pn4a 
P0C2K1;,Phospholipase D LdSicTox-alpha-1
O46168;,U1-agatoxin-Ta1c
P61096;,Mu-segestritoxin-Sf1b 
P56207;,Omega-hexatoxin-Hv1a
C0JAZ3;,Phospholipase D LvSicTox-alphaIC1aiii
C0JB00;,Phospholipase D LruSicTox-alphaIC1b
C0JB06;,Phospholipase D LvSicTox-alphaII1
C0JB03;,Phospholipase D LruSicTox-alphaIC1a
C0JB22;,Phospholipase D LarSicTox-alphaIV1
C0JAZ9;,Phospholipase D LamSicTox-alphaIC1
C0JB01;,Phospholipase D LruSicTox-alphaIC1c
Q4VDB5;,Phospholipase D LgSicTox-alphaIA1
C0JAS7;,Phospholipase D LspaSicTox-alphaIA2ii
C0JAQ8;,Phospholipase D LhSicTox-alphaIA2aii
C0JAS6; C0JAS5;,Phospholipase D LspaSicTox-alphaIA2i
C0JAZ1;,Phospholipase D LvSicTox-alphaIC1ai
C0JAZ2;,Phospholipase D LvSicTox-alphaIC1aii
C0JAQ5; C0JAQ7;,Phospholipase D LhSicTox-alphaIA2ai
C0JAZ8;,Phospholipase D LvSicTox-alphaIC1bv
C0JAY9;,Phospholipase D LsaSicTox-alphaIB1av
C0JB15;,Phospholipase D LhSicTox-alphaIV1ii
C0JAR3;,Phospholipase D LhSicTox-alphaIA2avi
C0JAR9;,Phospholipase D LhSicTox-alphaIA2bi
C0JB27;,Phospholipase D LlSicTox-alphaIV2iii
C0JB29;,Phospholipase D LlSicTox-alphaIV3
C0JAY8;,Phospholipase D LsaSicTox-alphaIB1aiv
C0JAS2;,Phospholipase D LhSicTox-alphaIA2biv
C0JAZ6;,Phospholipase D LvSicTox-alphaIC1biii
C0JB25;,Phospholipase D LlSicTox-alphaIV2i
C0JB28;,Phospholipase D LlSicTox-alphaIV2iv
C0JAU1;,Phospholipase D LspaSicTox-alphaIA1ii
C0JAT6;,Phospholipase D LhSicTox-alphaIA1iii
C0JAU2;,Phospholipase D LspaSicTox-alphaIA1iii
C0JB30;,Phospholipase D LarSicTox-alphaVII1
C0JAR7;,Phospholipase D LhSicTox-alphaIA2avii
C0JAS3;,Phospholipase D LhSicTox-alphaIA2bv
C0JAZ7;,Phospholipase D LvSicTox-alphaIC1biv
C0JAY2;,Phospholipase D LsaSicTox-alphaIB1bi
C0JB02;,Phospholipase D LruSicTox-alphaIC1d
C0JAY1;,Phospholipase D LsaSicTox-alphaIB1ai
C0JB21;,Phospholipase D LruSicTox-alphaIV1
C0JB04;,Phospholipase D LruSicTox-alphaIC2
C0JAT9;,Phospholipase D LspaSicTox-alphaIA1i
C0JAX9;,Phospholipase D LdSicTox-alphaIB3av
C0JB31;,Phospholipase D LhSicTox-alphaVI1i
C0JAX7;,Phospholipase D LdSicTox-alphaIB3aiv
C0JAZ0;,Phospholipase D LsaSicTox-alphaIB1avi
C0JAT8;,Phospholipase D LhSicTox-alphaIA1iv
C0JAY3;,Phospholipase D LsaSicTox-alphaIB1bii
C0JAX4;,Phospholipase D LdSicTox-alphaIB3aii
C0JAQ9;,Phospholipase D LhSicTox-alphaIA2aiii
C0JB19;,Phospholipase D LamSicTox-alphaIV1ii
C0JB24;,Phospholipase D LlSicTox-alphaIV1ii
C0JAS0;,Phospholipase D LhSicTox-alphaIA2bii
C0JB16;,Phospholipase D LhSicTox-alphaIV1iii
C0JAR8;,Phospholipase D LhSicTox-alphaIA2aviii
C0JAS1;,Phospholipase D LhSicTox-alphaIA2biii
C0JAZ5;,Phospholipase D LvSicTox-alphaIC1bii
C0JB07;,Phospholipase D LapSicTox-alphaII1
C0JAT3;,Phospholipase D LspaSicTox-alphaIA2iv
C0JAY4;,Phospholipase D LsaSicTox-alphaIB1aii
C0JB08;,Phospholipase D LarSicTox-alphaII1
C0JAR2;,Phospholipase D LhSicTox-alphaIA2av
C0JAS4;,Phospholipase D LhSicTox-alphaIA2bvi
C0JB05;,Phospholipase D LspaSicTox-alphaII1
C0JB20;,Phospholipase D LamSicTox-alphaIV1iii
C0JB17;,Phospholipase D LhSicTox-alphaIV2
C0JAT5;,Phospholipase D LhSicTox-alphaIA1ii
C0JAS8; C0JAS9;,Phospholipase D LspaSicTox-alphaIA2iii
C0JB14;,Phospholipase D LhSicTox-alphaIV1i
C0JB23;,Phospholipase D LlSicTox-alphaIV1i
C0JAZ4;,Phospholipase D LvSicTox-alphaIC1bi
C0JB10;,Phospholipase D Ls4SicTox-alphaIII1i
C0JB11;,Phospholipase D Ls4SicTox-alphaIII1ii
C0JAT4;,Phospholipase D LhSicTox-alphaIA1i
C0JB32;,Phospholipase D LhSicTox-alphaVI1ii
C0JB13;,Phospholipase D LlSicTox-alphaIII3iii
C0JAY0;,Phospholipase D LdSicTox-alphaIB3avi
C0JAY5;,Phospholipase D LsaSicTox-alphaIB1aiii
C0JB12;,Phospholipase D LlSicTox-alphaIII3ii
C0JAX3;,Phospholipase D LdSicTox-alphaIB3ai
C0JB26;,Phospholipase D LlSicTox-alphaIV2ii
C0JAX2;,Phospholipase D LdSicTox-alphaIB3b
C0JB18;,Phospholipase D LamSicTox-alphaIV1i
C0JAX5;,Phospholipase D LdSicTox-alphaIB3aiii
C0JAR0;,Phospholipase D LhSicTox-alphaIA2aiv
C0JB40;,Phospholipase D LcsSicTox-betaIC1
C0JB51;,Phospholipase D LafSicTox-betaIE1
P49268;,Mu-cyrtautoxin-As1a
D2Y1X7; P83591;,Mu-theraphotoxin-Hhn2b 2
B3EWS5;,Toxin CSTX-8 
P58427;,Kappa-sparatoxin-Hv1c
P58425;,Kappa-sparatoxin-Hv1a
Q1ELU5; Q1ELU6;,M-zodatoxin-Lt4a 
D2Y1X8; P83591;,Mu-theraphotoxin-Hhn2b 3
P55816;,Mu-diguetoxin-Dc1b
D2Y1X6; P83591;,Mu-theraphotoxin-Hhn2b 1
C0JB94;,Phospholipase D LspiSicTox-betaIII1
C0JB92;,Phospholipase D LspiSicTox-betaIII1
B3EWS6;,Toxin CSTX-12 
P85253; B3W6H9;,M-zodatoxin-Lt8a
P60272; A0A1D0BPQ6;,U2-hexatoxin-Hi1a 
P86716; S4TYR3;,Spiderine-1a 
P55817;,Mu-diguetoxin-Dc1c
C0JB91;,Phospholipase D SaSicTox-betaIIB1
C0JB49;,Phospholipase D LspiSicTox-betaIE1i
C0JB44;,Phospholipase D LspiSicTox-betaIE3i
C0JB46;,Phospholipase D LspiSicTox-betaIE4i
C0JB47;,Phospholipase D LspiSicTox-betaIE4ii
C0JB54;,Phospholipase D StSicTox-betaIF1
C0JB50;,Phospholipase D LspiSicTox-betaIE1ii
C0JB45;,Phospholipase D LspiSicTox-betaIE3ii
C0JB58;,Phospholipase D SpeSicTox-betaIIA2ii
C0JB61;,Phospholipase D SpeSicTox-betaIIA2iii
C0JB62;,Phospholipase D SpeSicTox-betaIIA2iv
C0JB65;,Phospholipase D SpeSicTox-betaIIA2v
C0JB71;,Phospholipase D SdSicTox-betaIIB1bi
C0JB80;,Phospholipase D SdSicTox-betaIIB1bvi
P61103;,Mu-theraphotoxin-Hs1a
C0JB36;,Phospholipase D SpeSicTox-betaIB1b
C0JB34;,Phospholipase D SpeSicTox-betaIB4
C0JB43;,Phospholipase D LspiSicTox-betaIE2iii
C0JB55;,Phospholipase D SdSicTox-betaIF1
C0JB52;,Phospholipase D SpaSicTox-betaIF1
C0JB90;,Phospholipase D SdSicTox-betaIIB2ii
C0JB35;,Phospholipase D SpeSicTox-betaIB1a
C0JB39;,Phospholipase D StSicTox-betaIC1
C0JB41;,Phospholipase D LspiSicTox-betaIE2i
C0JB68;,Phospholipase D SpaSicTox-betaIIA1
C0JB67;,Phospholipase D SpeSicTox-betaIIA1
C0JB57;,Phospholipase D SpeSicTox-betaIIA3ii
C0JB70;,Phospholipase D SpaSicTox-betaIIA3
C0JB76;,Phospholipase D SdSicTox-betaIIB1ai
C0JB78;,Phospholipase D SdSicTox-betaIIB1aiii
C0JB79;,Phospholipase D SdSicTox-betaIIB1aiv
C0JB72;,Phospholipase D SdSicTox-betaIIB1bii
C0JB75;,Phospholipase D SdSicTox-betaIIB1bv
C0JB82;,Phospholipase D SdSicTox-betaIIB1bviii
C0JB85;,Phospholipase D SdSicTox-betaIIB1bxi
C0JB89;,Phospholipase D SdSicTox-betaIIB2i
C0JB93;,Phospholipase D LspiSicTox-betaIII2
C0JB37;,Phospholipase D SpeSicTox-betaIB2a
C0JB38;,Phospholipase D SpeSicTox-betaIB2b
C0JB33;,Phospholipase D SpeSicTox-betaIB3
P0DP96;,Mu-theraphotoxin-Osp1b 
P0DP95;,Mu-theraphotoxin-Osp1a 
Q9XZC0;,Alpha-latrocrustotoxin-Lt1a
P0DJE6;,Delta-latroinsectotoxin-Lh1a
P0DJE5;,Alpha-latroinsectotoxin-Lh1a
P0DJE7;,Delta-latroinsectotoxin-Lhe1a
Q25338;,Delta-latroinsectotoxin-Lt1a
Q1ELU2;,M-zodatoxin-Lt3b 
Q1ELU9;,M-zodatoxin-Lt5a 
Q1ELU8;,M-zodatoxin-Lt6a/b 
Q1ELU7;,M-zodatoxin-Lt6a/c 
Q1ELV0;,M-zodatoxin-Lt7a 
G0LXV8;,Alpha-latrotoxin-Lh1a
P0DJE3; A0A089FYN5; L7XGA0;,Alpha-latrotoxin-Lhe1a 
P86719; S4TYZ4;,Spiderine-2b 
P86717; S4TZ61;,Spiderine-1b 
P86718; S4TZ44;,Spiderine-2a 
D2Y2F5;,Kunitz-type U15-theraphotoxin-Hhn1d
P0DJ73;,Kunitz-type U15-theraphotoxin-Hhn1f
D2Y2G2;,Kunitz-type U15-theraphotoxin-Hhn1k
D2Y2Q5;,Kunitz-type U15-theraphotoxin-Hhn1n
D2Y2C2;,Kunitz-type U15-theraphotoxin-Hhn1a
D2Y2F6;,Kunitz-type U15-theraphotoxin-Hhn1e
C9D7R2;,Astacin-like metalloprotease toxin 2
P0DJ70;,Kunitz-type U15-theraphotoxin-Hhn1a
D2Y2Q6;,Kunitz-type U15-theraphotoxin-Hhn1o
D2Y2Q8;,Kunitz-type U15-theraphotoxin-Hhn1q
Q8T3S7;,Kunitz-type U1-aranetoxin-Av1a
P0DJ67;,Kunitz-type U15-theraphotoxin-Hhn1c
P0DMJ1;,Kunitz-type U15-theraphotoxin-Hs1g
P0DJ72;,Kunitz-type U15-theraphotoxin-Hhn1e
P0DJ79;,Kunitz-type U15-theraphotoxin-Hs1d
P0DJ66;,Kunitz-type serine protease inhibitor HNTX-03141017
D2Y2F7;,Kunitz-type U15-theraphotoxin-Hhn1f
P0DJ80;,Kunitz-type U15-theraphotoxin-Hs1a
P0DM62;,Astacin-like metalloprotease toxin 5
D2Y2Q2;,Kunitz-type U15-theraphotoxin-Hhn1m
D2Y2Q7;,Kunitz-type U15-theraphotoxin-Hhn1p
B2ZBB9;,Kunitz-type U15-theraphotoxin-Hs1b
B6DD10;,U11-lycotoxin-Ls1d
B6DD11;,U11-lycotoxin-Ls1a
B6DD12;,U11-lycotoxin-Ls1a
C0HJM7;,Toxin Tx1 
Q86C51;,U5-theraphotoxin-Hs1a 1
P83622;,Cupiennin-1d 
B3FIS3;,U5-theraphotoxin-Hs1a 4
B3EWT8;,Cupiennin-2c 
B3FIS0;,U5-theraphotoxin-Hs1c
B3FIS1;,U5-theraphotoxin-Hs1d
P0CH71;,U2-theraphotoxin-Hhn1a
Q75WG5;,Delta-hexatoxin-Mg1b
P0C2V1;,U15-hexatoxin-Mg1a
P0C2V2;,U15-hexatoxin-Mg1b
P83557;,Mu-hexatoxin-Mg1b
P83558; Q75WG9;,Mu-hexatoxin-Mg1a
P83560;,Delta-hexatoxin-Mg1a
P83562; Q75WG8;,U7-hexatoxin-Mg1a
Q75WH6;,U8-hexatoxin-Mg1a
Q75WH5;,U9-hexatoxin-Mg1a
P0DJ69;,Kunitz-type serine protease inhibitor HNTX-852
P0DJ77;,Kunitz-type kappaPI-theraphotoxin-Hs1a
P0DJ71;,Kunitz-type U15-theraphotoxin-Hhn1d
B2ZBB6;,Kunitz-type kappaPI-theraphotoxin-Hs1b
P0DJ65;,Kunitz-type U15-theraphotoxin-Hhn1h
P0DJ81;,Kunitz-type U15-theraphotoxin-Hs1e
A5A3H3;,Omega-hexatoxin-Ar1d
S0F1N6;,Omega-hexatoxin-Hi1d 
P81597;,Omega-hexatoxin-Hv1d
A5A3H4;,Omega-hexatoxin-Ar1e
S0F1M6;,Omega/kappa-hexatoxin-Ar1g 
P81803;,U1-hexatoxin-Hv1a
Q5Y4U3;,U9-agatoxin-Ao1a
Q5Y4Y5;,U2-agatoxin-Ao1a
P31328;,U2-agatoxin-Aop1a
B3EWY4;,U1-theraphotoxin-Ap1a 
B6DD07;,U11-lycotoxin-Ls1b
B6DD08;,U11-lycotoxin-Ls1b
B6DD09;,U11-lycotoxin-Ls1c
B3EWS7;,Toxin CSTX-14 
B3EWS8;,Toxin CSTX-15 
P83619;,Cupiennin-1a 
P83620;,Cupiennin-1b 
B3EWT6;,Cupiennin-2a 
B3EWT7;,Cupiennin-2b 
B3EWU0;,Cupiennin-2e 
B3EWV1;,Cupiennin-3a 
B3EWV2;,Cupiennin-3b 
B3EWV3;,Cupiennin-3c 
B3EWV4;,Cupiennin-3d 
B3EWV6;,Cupiennin-4a 
B3EWV7;,Cupiennin-4b 
B3EWU9;,Cupiennin-5a 
B3EWW5;,Cupiennin-6a 
B3EWW6;,Cupiennin-6b 
B3EWW7;,Cupiennin-6c 
B3EWW8;,Cupiennin-6d 
P85273;,U14-ctenitoxin-Co1a
A9XDG0;,Omega-lycotoxin-Gsp2671b
A9XDG1;,Omega-lycotoxin-Gsp2671c
P81596;,Omega-hexatoxin-Hv1c
S0F204;,Omega-hexatoxin-Hi1f 
P15971;,Omega-agatoxin-Aa2a
P83247;,M-oxotoxin-Ot1a
C0HLF5;,M-oxotoxin-Ot1b 
P83249;,M-oxotoxin-Ot2b
P83248;,M-oxotoxin-Ot2a
F8J4S0; P86350;,Oxyopinin-4a 
P0DMQ2;,Omega-hexatoxin-Hmo1c 
P0DMQ3;,Omega-hexatoxin-Hmo1d 
A5A3H5;,Omega-hexatoxin-Ar1f
S0F215;,Omega-hexatoxin-Hi1g 
Q5Y4V8;,U3-agatoxin-Ao1a
P11058;,Mu-agatoxin-Aa1b
Q5Y4Y4;,U2-agatoxin-Ao1b
Q5Y4Y3;,U2-agatoxin-Ao1c
Q5Y4Y2;,U2-agatoxin-Ao1d
P83251;,M-oxotoxin-Ot2d
P15969;,Omega-agatoxin-1A
P33034;,Omega-agatoxin-Aa3a
P81746;,Omega-agatoxin-Aa3d
Q5Y4W0;,U6-agatoxin-Ao1a
Q5Y4V9;,U7-agatoxin-Ao1a
B3A0P0;,Mu-theraphotoxin-An1a 
B6DD13;,U12-lycotoxin-Ls1a
B6DD14;,U12-lycotoxin-Ls1b
B6DD15;,U12-lycotoxin-Ls1c
B6DD16;,U12-lycotoxin-Ls1d
B6DD17;,U12-lycotoxin-Ls1a
B6DD18;,U12-lycotoxin-Ls1e
B3EWT0;,Toxin CSTX-10 
B3EWT1;,Toxin CSTX-11 
B3EWS9;,Toxin CSTX-16 
P83621;,Cupiennin-1c 
B3FIS2;,U5-theraphotoxin-Hs1a 3
B3FIS4;,U5-theraphotoxin-Hs1a 5
B3FIS5;,U5-theraphotoxin-Hs1a 6
P15967;,Mu-agatoxin-Hc1a
B3EWT5;,Toxin CSTX-20 
B3FIS6;,U5-theraphotoxin-Hs1b 1 
B3FIS7;,U5-theraphotoxin-Hs1b 2
B3EWT9;,Cupiennin-2d 
B3EWW9;,Cupiennin-6e 
B3EWX1;,Cupiennin-6f 
P0C2K7;,Phospholipase D LgSicTox-LOXN5
P0DJ82;,Kunitz-type kappaPI-theraphotoxin-Hs1c
P0DJ75;,Kunitz-type U15-theraphotoxin-Hs1a
P0DJ84;,Kunitz-type kappaPI-theraphotoxin-Hs1d
P0DJ68;,Kunitz-type U15-theraphotoxin-Hhn1k
P0DJ85;,Kunitz-type U15-theraphotoxin-Hs1f
P0DJ76;,Kunitz-type kappaPI-theraphotoxin-Hs1e
P0DJ64;,U15-Kunitz-type theraphotoxin-Hhn1b
B2ZBB8; P0DJ83;,Kunitz-type U15-theraphotoxin-Hs1a
P0DJ74;,Kunitz-type serine protease inhibitor HNTX-0109076
D2Y2G1;,Kunitz-type U15-theraphotoxin-Hhn1j
D2Y2Q1;,Kunitz-type U15-theraphotoxin-Hhn1l
D2Y2Q9;,Kunitz-type U15-theraphotoxin-Hhn1r
P0C2K8;,Phospholipase D LgSicTox-LOXN6
D2Y2F8;,Kunitz-type U15-theraphotoxin-Hhn1g
D2Y2F9;,Kunitz-type U15-theraphotoxin-Hhn1h
P0CH75;,Kunitz-type serine protease inhibitor hainantoxin F7-25.66
D2Y2F3;,Kunitz-type U15-theraphotoxin-Hhn1b
D2Y2G0;,Kunitz-type U15-theraphotoxin-Hhn1i
D2Y2F4;,Kunitz-type U15-theraphotoxin-Hhn1c
B2ZBC0;,Kunitz-type U15-theraphotoxin-Hs1c
P0DJ78;,Kunitz-type U15-theraphotoxin-Hs1a
C9D7R3;,Astacin-like metalloprotease toxin 3
P0DM61;,Astacin-like metalloprotease toxin 4
P0CAZ7;,M-zodatoxin-Lt8o
P0CAZ8;,M-zodatoxin-Lt8p
P85256; B3W6I2;,M-zodatoxin-Lt8d
P85257; B3W6I3;,M-zodatoxin-Lt8e
P0CAZ2;,M-zodatoxin-Lt8i
P85258; B3W6I4;,M-zodatoxin-Lt8f
P85254; B3W6I0;,M-zodatoxin-Lt8b
P85255; B3W6I1;,M-zodatoxin-Lt8c
P0CAZ3;,M-zodatoxin-Lt8j
C0HJV5;,Cytoinsectotoxin-3 
P0CAZ4;,M-zodatoxin-Lt8k
P85247; B3W6I6;,M-zodatoxin-Lt8h
P0CAZ5;,M-zodatoxin-Lt8l
P0CAZ6;,M-zodatoxin-Lt8m
P0CAZ9;,M-zodatoxin-Lt8q
P0DL77;,U1-theraphotoxin-Ct1a 
P0DL78;,U1-theraphotoxin-Ct1b 
P85259; B3W6I5;,M-zodatoxin-Lt8g
C0HJV3;,Cytoinsectotoxin-2a 
C0HJV4;,Cytoinsectotoxin-2c 
C0HJV6; A0A1B3Z579;,Cytoinsectotoxin-4 
P60976;,U1-nemetoxin-Csp1a
P0C2K3;,Phospholipase D LgSicTox-beta-LOXN1/LOXN7
Q5YD76;,Phospholipase D LbSicTox-betaIA1a
P83659;,Cyphokinin
P83660;,Cd-146 peptide
W4VS46;,Toxin ICK-10
W4VRV2;,Toxin ICK-11
W4VRX8;,Toxin ICK-12
W4VSI7;,Toxin ICK-13
W4VSB7;,Toxin ICK-14
W4VS32;,Toxin ICK-15
W4VRV1;,Toxin ICK-16
W4VRX3;,Toxin ICK-17
W4VSI6;,Toxin ICK-18
W4VSB2;,Toxin ICK-19
W4VRV4;,U8-barytoxin-Tl1a
W4VS23;,Toxin ICK-20
W4VRU9;,Toxin ICK-21
W4VS20;,U16-barytoxin-Tl1a
W4VRU8;,U16-barytoxin-Tl1b
W4VRW6;,U16-barytoxin-Tl1c
W4VSI4;,U16-barytoxin-Tl1d
W4VSA7;,U16-barytoxin-Tl1e
W4VRY9;,U9-barytoxin-Tl1a
W4VS15;,U16-barytoxin-Tl1c
W4VRU6;,U16-barytoxin-Tl1c
W4VRW4;,U16-barytoxin-Tl1a
W4VSI3;,U16-barytoxin-Tl1f
W4VSA5;,U16-barytoxin-Tl1f
W4VS12;,U17-barytoxin-Tl1a
W4VRU5;,U17-barytoxin-Tl1b
W4VRW1;,U17-barytoxin-Tl1c
W4VSI1;,U17-barytoxin-Tl1d
W4VSA2;,U17-barytoxin-Tl1a
W4VSI9;,U10-barytoxin-Tl1a
W4VS08;,U17-barytoxin-Tl1d
W4VRU3;,Toxin ICK-41
W4VRV7;,Toxin ICK-42
W4VSC0;,U11-barytoxin-Tl1a
W4VS49;,U11-barytoxin-Tl1b
W4VRV3;,U12-barytoxin-Tl1a
W4VRY7;,U13-barytoxin-Tl1a
W4VSI8;,Toxin ICK-8
W4VSB9;,Toxin ICK-9
P0DL59;,Mu-theraphotoxin-Phlo2a 
P0CH59;,Hainantoxin F1-31.97
P0CH77;,U4-theraphotoxin-Hhn1v
P0DL57;,Mu-theraphotoxin-Phlo1a 
P0DL58;,Mu-theraphotoxin-Phlo1b 
P13494;,Delta-hexatoxin-Hv1a 
P0C1R3;,Delta-hexatoxin-Iw1a 
P81885;,Delta-hexatoxin-Hv1b 
D2Y218;,U4-theraphotoxin-Hhn1c
D2Y2N3;,U3-theraphotoxin-Hhn1f
A0A0J9X1W9;,Mu-theraphotoxin-Hd1a 
D2Y2D4;,U4-theraphotoxin-Hhn1i
D2Y1Z3;,Mu-theraphotoxin-Hhn2j 3
D2Y1Z5;,Mu-theraphotoxin-Hhn2j 4
D2Y1Z6;,Mu-theraphotoxin-Hhn2j 4
D2Y1Y6;,Mu-theraphotoxin-Hhn2k
D2Y234;,Mu-theraphotoxin-Hhn1c
D2Y235;,Mu-theraphotoxin-Hhn1d
D2Y2C3;,U5-theraphotoxin-Hhn1a
D2Y249;,U3-theraphotoxin-Hhn1a 6
D2Y250;,U3-theraphotoxin-Hhn1a 7
D2Y2G3;,U3-theraphotoxin-Hhn1a 8
D2Y2G4;,U3-theraphotoxin-Hhn1a 9
D2Y2G5;,U3-theraphotoxin-Hhn1a 10
D2Y2G6;,U3-theraphotoxin-Hhn1a 11
D2Y2M1;,U3-theraphotoxin-Hhn1a 12
D2Y2M4;,U3-theraphotoxin-Hhn1a 13
D2Y2M5;,U3-theraphotoxin-Hhn1a 14
D2Y2M6;,U3-theraphotoxin-Hhn1a 15
D2Y2M8;,U3-theraphotoxin-Hhn1a 16
D2Y2N1;,U3-theraphotoxin-Hhn1a 18
D2Y2M3;,U3-theraphotoxin-Hhn1c
D2Y2M9;,U3-theraphotoxin-Hhn1d
D2Y2N2;,U3-theraphotoxin-Hhn1e
P61102;,Mu-segestritoxin-Sf1h 
P85079; A9XDF9;,Omega-lycotoxin-Gsp2671a
A9XDG5;,Omega-lycotoxin-Gsp2671e
A9XDG4;,Omega-lycotoxin-Gsp2671f
A9XDG3;,Omega-lycotoxin-Gsp2671g
P0DP98;,Mu-theraphotoxin-Se1a 
A9XDG2;,Omega-lycotoxin-Gsp2671d
Q5Y4V3;,U3-agatoxin-Ao1f
Q5Y4U8;,U3-agatoxin-Ao1k
P61094;,Mu-segestritoxin-Sf1i 
Q5Y4V1;,U3-agatoxin-Ao1h
Q5Y4V2;,U3-agatoxin-Ao1g
P83608;,Delta-actinopoditoxin-Mb1a
Q5Y4V4;,U3-agatoxin-Ao1e
P11061;,Mu-agatoxin-Aa1e
P11062;,Mu-agatoxin-Aa1f
Q5Y4V6;,U3-agatoxin-Ao1c
P61097;,Mu-segestritoxin-Sf1c 
P61098;,Mu-segestritoxin-Sf1d 
P61099;,Mu-segestritoxin-Sf1e 
P61100;,Mu-segestritoxin-Sf1f 
P61101;,Mu-segestritoxin-Sf1g 
Q5Y4V0;,U3-agatoxin-Ao1i
Q5Y4U9;,U3-agatoxin-Ao1j
P11060;,Mu-agatoxin-Aa1d
P83259;,Delta-amaurobitoxin-Pl1d
Q5Y4W9;,U2-agatoxin-Ao1q
P0C2L8;,Kappa-hexatoxin-Hf1a
P0DMQ4;,Kappa-hexatoxin-Hmo1d 
P82227;,Kappa-hexatoxin-Hv1a
P82226;,Kappa-hexatoxin-Hv1b
P0CF14;,U2-agatoxin-Ao1s
Q5Y4U7;,Mu-agatoxin-Ao1a
Q5Y4W7;,U2-agatoxin-Ao1t
Q5Y4X0;,U2-agatoxin-Ao1p
P83256;,Delta-amaurobitoxin-Pl1a
Q5Y4X3;,U2-agatoxin-Ao1m
Q5Y4X2;,U2-agatoxin-Ao1n
Q5Y4X1;,U2-agatoxin-Ao1o
Q5Y4W8;,U2-agatoxin-Ao1r
Q5Y4W6;,U2-agatoxin-Ao1u
A0A0G3F8Z3;,Omega-phylotoxin-To1a 
P60178; P11059;,Mu-agatoxin-Aa1c
Q5Y4Y0;,U2-agatoxin-Ao1f
Q5Y4X9;,U2-agatoxin-Ao1g
Q5Y4X7;,U2-agatoxin-Ao1i
Q5Y4X6;,U2-agatoxin-Ao1j
Q5Y4X5;,U2-agatoxin-Ao1k
Q5Y4X4;,U2-agatoxin-Ao1l
Q5Y4W4;,U2-agatoxin-Ao1x
Q5Y4W3;,U2-agatoxin-Ao1y
P15968;,Mu-agatoxin-Hc1c
Q5Y4V5;,U3-agatoxin-Ao1d
Q5Y4Y1;,U2-agatoxin-Ao1e
P0CF15;,U2-agatoxin-Ao1v
Q5Y4U6;,Mu-agatoxin-Ao1b
P60177; P11059;,Mu-agatoxin-Hc1b
Q5Y4V7;,U3-agatoxin-Ao1b
Q5Y4W2;,U2-agatoxin-Ao1z
Q5Y4W5;,U2-agatoxin-Ao1w
P81598;,Omega-hexatoxin-Hv1e
P81599;,Omega-hexatoxin-Hv1f
S0F209;,Omega/Kappa-hexatoxin-Hv1h 
P83288; W0LP48;,Omega-oxotoxin-Ot1a
P84756;,Omega-oxotoxin-Ol1b
A0A1L1QJU3;,Pi-hexatoxin-Hi1a 
Q9BJV8;,Omega-hexatoxin-Asp2a
Q9BJV7;,Omega-hexatoxin-Asp2b
S0F207;,Omega/kappa-hexatoxin-Hv1g 
P83588;,Omega-actinopoditoxin-Mb1a
P83250;,M-oxotoxin-Ot2c
C0HLF9;,Oxyopinin-3a 
P84093;,U20-ctenitoxin-Pn1a
P0DP46;,Pi-hexatoxin-Hi1b 
P0DP47;,Pi-hexatoxin-Hi1c 
P0DP48;,Pi-hexatoxin-Hi1d 
Q9BJV9;,Omega-hexatoxin-Hi2a
Q9BJW0;,Omega-hexatoxin-Hi2b
S0F1P1;,Kappa-hexatoxin-Hv1d 
S0F1M9;,Kappa-hexatoxin-Hv1e 
S0F1N0;,Omega-hexatoxin-Hi1e 
P15970;,Omega-agatoxin-Aa1b
P81744;,Omega-agatoxin-Aa3b
P81745;,Omega-agatoxin-Aa3c
C0HLF6;,M-oxotoxin-Ot1c 
C0HLG0;,Oxyopinin-3b 
C0HLG1;,Oxyopinin-3c 
P0C8M0;,Omega-oxotoxin-Ol1a
P82852;,Omega-hexatoxin-Hv2a
P0C2L0;,Phospholipase D LiSicTox-alphaI-1
P0C2K2;,Phospholipase D LgSicTox-alphaI-1
P0C2L1;,Phospholipase D LlSicTox-alphaIII-1
P84027;,U1-ctenitoxin-Asp1a
Q7Z1N0;,Phospholipase D LarSicTox-alphaI-1
P84001;,U3-ctenitoxin-Asp1a
D2Y2H4;,U7-theraphotoxin-Hhn1l
D2Y2A0;,U7-theraphotoxin-Hhn1a 1
D2Y2A1;,U7-theraphotoxin-Hhn1a 2
D2Y2E0;,U8-theraphotoxin-Hhn1b
D2Y2B2;,U7-theraphotoxin-Hhn1a 4
D2Y2E2;,U8-theraphotoxin-Hhn1c 2
D2Y2E3;,U8-theraphotoxin-Hhn1c 3
D2Y2E4;,U8-theraphotoxin-Hhn1d
D2Y2E5;,U8-theraphotoxin-Hhn1e
D2Y2E6;,U8-theraphotoxin-Hhn1f
D2Y2A3;,U7-theraphotoxin-Hhn1b
D2Y262;,U11-theraphotoxin-Hhn1a
D2Y263;,U11-theraphotoxin-Hhn1a
D2Y264;,U11-theraphotoxin-Hhn1a
D2Y265;,U11-theraphotoxin-Hhn1a
D2Y266;,U11-theraphotoxin-Hhn1a
D2Y267;,U11-theraphotoxin-Hhn1a
D2Y268;,U11-theraphotoxin-Hhn1a
D2Y269;,U11-theraphotoxin-Hhn1a
D2Y270;,U11-theraphotoxin-Hhn1a
D2Y292;,U11-theraphotoxin-Hhn1a
D2Y293;,U11-theraphotoxin-Hhn1a
D2Y294;,U11-theraphotoxin-Hhn1a
D2Y295;,U11-theraphotoxin-Hhn1a
D2Y296;,U11-theraphotoxin-Hhn1a
D2Y297;,U11-theraphotoxin-Hhn1a
D2Y298;,U11-theraphotoxin-Hhn1a
D2Y2I1;,U11-theraphotoxin-Hhn1a
D2Y2I2;,U11-theraphotoxin-Hhn1a
D2Y2P3;,U11-theraphotoxin-Hhn1a
D2Y260;,U11-theraphotoxin-Hhn1a
D2Y255;,U11-theraphotoxin-Hhn1a
D2Y279;,U11-theraphotoxin-Hhn1i
D2Y280;,U11-theraphotoxin-Hhn1j
D2Y281;,U11-theraphotoxin-Hhn1k
D2Y282;,U11-theraphotoxin-Hhn1l
D2Y283;,U11-theraphotoxin-Hhn1m
D2Y284;,U11-theraphotoxin-Hhn1n
D2Y2C5;,Hainantoxin-XVII
D2Y2C7;,Hainantoxin-XVII.2
D2Y251;,Hainantoxin-XVIII
D2Y2P2;,Hainantoxin-XVIII.2
D2Y252;,Hainantoxin-XVIII-2
D2Y2H1;,Hainantoxin-XVIII-3
D2Y2H2;,Hainantoxin-XVIII-4
D2Y2N9;,Hainantoxin-XVIII-5
D2Y2P0;,Hainantoxin-XVIII-6
D2Y2P1;,Hainantoxin-XVIII-7
D2Y299;,U9-theraphotoxin-Hhn1a
D2Y2C9;,Hainantoxin-XX
D2Y2H0;,Hainantoxin-XX.2
D2Y2D0;,Hainantoxin-XX.3
D2Y204;,U4-theraphotoxin-Hhn1a
D2Y205;,U4-theraphotoxin-Hhn1a
D2Y207;,U4-theraphotoxin-Hhn1a
D2Y208;,U4-theraphotoxin-Hhn1a
D2Y209;,U4-theraphotoxin-Hhn1a
D2Y211;,U4-theraphotoxin-Hhn1a
D2Y212;,U4-theraphotoxin-Hhn1a
D2Y228;,U4-theraphotoxin-Hhn1a
D2Y2I9;,U4-theraphotoxin-Hhn1a
D2Y210;,U4-theraphotoxin-Hhn1a
D2Y2K5;,U4-theraphotoxin-Hhn1a
D2Y2K9;,U4-theraphotoxin-Hhn1a
D2Y2L0;,U4-theraphotoxin-Hhn1a
D2Y2L3;,U4-theraphotoxin-Hhn1a
D2Y2K2;,U4-theraphotoxin-Hhn1s
D2Y2K3;,U4-theraphotoxin-Hhn1t
D2Y216;,U4-theraphotoxin-Hhn1ab
D2Y217;,U4-theraphotoxin-Hhn1z
D2Y2C1;,U6-theraphotoxin-Hhn1a 1
D2Y2H6;,U6-theraphotoxin-Hhn1a 2
D2Y2H7;,U6-theraphotoxin-Hhn1a 3
D2Y2H8;,U6-theraphotoxin-Hhn1a 4
D2Y2C0;,U8-theraphotoxin-Hhn1a
D2Y2A2;,U7-theraphotoxin-Hhn1a 3
D2Y2E1;,U8-theraphotoxin-Hhn1c 1
D2Y2B3;,U7-theraphotoxin-Hhn1a 5
D2Y2B4;,U7-theraphotoxin-Hhn1a 6
D2Y2B5;,U7-theraphotoxin-Hhn1a 7
D2Y2H5;,U7-theraphotoxin-Hhn1a 8
D2Y2E7;,U8-theraphotoxin-Hhn1g
D2Y2A4;,U7-theraphotoxin-Hhn1c
D2Y2A5;,U7-theraphotoxin-Hhn1d
D2Y2A6;,U7-theraphotoxin-Hhn1e
D2Y2A7;,U7-theraphotoxin-Hhn1f
D2Y2A8;,U7-theraphotoxin-Hhn1g
D2Y2A9;,U7-theraphotoxin-Hhn1h
D2Y256;,U11-theraphotoxin-Hhn1a
D2Y257;,U11-theraphotoxin-Hhn1a
D2Y273;,U11-theraphotoxin-Hhn1d
D2Y259;,U11-theraphotoxin-Hhn1a
D2Y275;,U11-theraphotoxin-Hhn1f
D2Y276;,U11-theraphotoxin-Hhn1f
D2Y277;,U11-theraphotoxin-Hhn1g
D2Y278;,U11-theraphotoxin-Hhn1h
D2Y285;,U11-theraphotoxin-Hhn1o
D2Y286;,U11-theraphotoxin-Hhn1p
D2Y287;,U11-theraphotoxin-Hhn1q
D2Y288;,U11-theraphotoxin-Hhn1r
D2Y289;,U11-theraphotoxin-Hhn1s
D2Y290;,U11-theraphotoxin-Hhn1t
D2Y291;,U11-theraphotoxin-Hhn1u
D2Y2H9;,U11-theraphotoxin-Hhn1v
D2Y2I0;,U11-theraphotoxin-Hhn1w
D2Y2P5;,U11-theraphotoxin-Hhn1x
D2Y2C8;,Hainantoxin-XVII.3
D2Y2C6;,Hainantoxin-XVII-2
D2Y229;,U4-theraphotoxin-Hhn1a
D2Y230;,U4-theraphotoxin-Hhn1a
D2Y2D5;,U4-theraphotoxin-Hhn1a
D2Y2D6;,U4-theraphotoxin-Hhn1a
D2Y206;,U4-theraphotoxin-Hhn1a
D2Y2K6;,U4-theraphotoxin-Hhn1a
D2Y2L2;,U4-theraphotoxin-Hhn1a
D2Y1Y4;,Mu-theraphotoxin-Hhn2j 1
D2Y1Y5;,Mu-theraphotoxin-Hhn2j 2
D2Y202;,Mu-theraphotoxin-Hhn2f
D2Y203;,Mu-theraphotoxin-Hhn2g
D2Y2I6;,Mu-theraphotoxin-Hhn2i
D2Y241;,U3-theraphotoxin-Hhn1a 2
D2Y2N4;,U3-theraphotoxin-Hhn1a 19
D2Y244;,U3-theraphotoxin-Hhn1j
D2Y245;,U3-theraphotoxin-Hhn1k
D2Y246;,U3-theraphotoxin-Hhn1l
D2Y2G7;,U3-theraphotoxin-Hhn1n
D2Y2G8;,U3-theraphotoxin-Hhn1o
D2Y2G9;,U3-theraphotoxin-Hhn1p
D2Y2M0;,U3-theraphotoxin-Hhn1q
D2Y2M2;,U3-theraphotoxin-Hhn1b
D2Y2F0;,Omega-theraphotoxin-Hhn1f 4
D2Y237;,Omega-theraphotoxin-Hhn1a 1
D2Y239;,Omega-theraphotoxin-Hhn1a 2
D2Y2F1;,Omega-theraphotoxin-Hhn1c
D2Y2L5;,Omega-theraphotoxin-Hhn1d
D2Y2L8;,Omega-theraphotoxin-Hhn1e
D2Y2F2;,Hainantoxin-X-2
D2Y2R4;,Hainantoxin-X-3
D2Y2C4;,Hainantoxin-X
D2Y2R1;,Hainantoxin-X.2
D2Y2R3;,Hainantoxin-X.3
D2Y2B0;,U7-theraphotoxin-Hhn1i
D2Y2B1;,U7-theraphotoxin-Hhn1j
D2Y2H3;,U7-theraphotoxin-Hhn1k
D2Y2P6;,U11-theraphotoxin-Hhn1a
D2Y253;,U11-theraphotoxin-Hhn1a
D2Y254;,U11-theraphotoxin-Hhn1a
D2Y261;,U11-theraphotoxin-Hhn1a
D2Y271;,U11-theraphotoxin-Hhn1b
D2Y2P8;,U11-theraphotoxin-Hhn1b
D2Y272;,U11-theraphotoxin-Hhn1c
D2Y258;,U11-theraphotoxin-Hhn1a
D2Y274;,U11-theraphotoxin-Hhn1e
D2Y2K7;,U4-theraphotoxin-Hhn1a
D2Y2K8;,U4-theraphotoxin-Hhn1a
D2Y2K4;,U4-theraphotoxin-Hhn1u
D2Y213;,U4-theraphotoxin-Hhn1aa
D2Y214;,U4-theraphotoxin-Hhn1w
D2Y215;,U4-theraphotoxin-Hhn1x
D2Y2J8;,U4-theraphotoxin-Hhn1c
D2Y219;,U4-theraphotoxin-Hhn1ac
D2Y220;,U4-theraphotoxin-Hhn1ad
D2Y221;,U4-theraphotoxin-Hhn1b
D2Y231;,U4-theraphotoxin-Hhn1b
D2Y222;,U4-theraphotoxin-Hhn1y
D2Y223;,U4-theraphotoxin-Hhn1d
D2Y224;,U4-theraphotoxin-Hhn1e
D2Y225;,U4-theraphotoxin-Hhn1f
D2Y226;,U4-theraphotoxin-Hhn1g
D2Y227;,U4-theraphotoxin-Hhn1h
D2Y2J1;,U4-theraphotoxin-Hhn1j
D2Y2J2;,U4-theraphotoxin-Hhn1k
D2Y2J3;,U4-theraphotoxin-Hhn1l
D2Y2J4;,U4-theraphotoxin-Hhn1m
D2Y2J5;,U4-theraphotoxin-Hhn1n
D2Y2J6;,U4-theraphotoxin-Hhn1o
D2Y2J9;,U4-theraphotoxin-Hhn1p
D2Y2K0;,U4-theraphotoxin-Hhn1q
D2Y2K1;,U4-theraphotoxin-Hhn1r
D2Y1Y7;,Mu-theraphotoxin-Hhn2l
D2Y1Y8;,Mu-theraphotoxin-Hhn2m
D2Y1Y9;,Mu-theraphotoxin-Hhn2n
D2Y1Z0;,Mu-theraphotoxin-Hhn2o
D2Y1Z1;,Mu-theraphotoxin-Hhn2p
D2Y1Z2;,Mu-theraphotoxin-Hhn2q
D2Y1Z9;,Mu-theraphotoxin-Hhn2c
D2Y200;,Mu-theraphotoxin-Hhn2d
D2Y201;,Mu-theraphotoxin-Hhn2e
D2Y2I5;,Mu-theraphotoxin-Hhn2h
D2Y240;,U3-theraphotoxin-Hhn1a 1
D2Y242;,U3-theraphotoxin-Hhn1a 3
D2Y243;,U3-theraphotoxin-Hhn1a 4
D2Y248;,U3-theraphotoxin-Hhn1a 5
D2Y2N0;,U3-theraphotoxin-Hhn1a 17
D2Y247;,U3-theraphotoxin-Hhn1m
D2Y2N6;,U3-theraphotoxin-Hhn1h
D2Y2N7;,U3-theraphotoxin-Hhn1i
D2Y2N5;,U3-theraphotoxin-Hhn1g
D2Y236;,Omega-theraphotoxin-Hhn1f 1
D2Y2E8;,Omega-theraphotoxin-Hhn1f 2
D2Y2E9;,Omega-theraphotoxin-Hhn1f 3
D2Y2L7;,Omega-theraphotoxin-Hhn1a 3
D2Y238;,Omega-theraphotoxin-Hhn1b
Q1ELU3;,M-zodatoxin-Lt3a 
Q1ELU4;,M-zodatoxin-Lt4b 
P85032;,U21-ctenitoxin-Co1a
P85145;,U14-ctenitoxin-Co1b
C0JB42;,Phospholipase D LspiSicTox-betaIE2ii
C0JB48;,Phospholipase D LafSicTox-betaIE2
C0JB53;,Phospholipase D SpeSicTox-betaIF1
C0JB60;,Phospholipase D SpeSicTox-betaIIA2i
C0JB69;,Phospholipase D SpaSicTox-betaIIA2
C0JB56;,Phospholipase D SpeSicTox-betaIIA3i
C0JB77;,Phospholipase D SdSicTox-betaIIB1aii
C0JB73;,Phospholipase D SdSicTox-betaIIB1biii
C0JB74;,Phospholipase D SdSicTox-betaIIB1biv
C0JB81;,Phospholipase D SdSicTox-betaIIB1bvii
C0JB83;,Phospholipase D SdSicTox-betaIIB1bix
C0JB84;,Phospholipase D SdSicTox-betaIIB1bx
C0JB86;,Phospholipase D SdSicTox-betaIIB1bxii
C0JB87;,Phospholipase D SdSicTox-betaIIB1bxiii
C0JB88;,Phospholipase D SdSicTox-betaIIB1bxiv
P0C2K4;,Phospholipase D LgSicTox-beta-LOXN2
P0C2K9;,Phospholipase D LgSicTox-beta-LOXN8
P60977;,U1-nemetoxin-Csp1b
P0C2K5;,Phospholipase D LgSicTox-beta-LOXN3
P60978;,U1-nemetoxin-Csp1c
P0DL32;,Fulvonin
P0C2K6;,Phospholipase D LgSicTox-beta-LOXN4
P58396;,Kinin-like peptide-S
P0CH76;,Hainantoxin F7-28.42
P0C2U8;,M-lycotoxin-Ls2a
P61507;,M-lycotoxin-Hc1a
C0HJU9;,Toxin LyeTx 1 
P61508;,M-lycotoxin-Hc2a
B3EWF4; K7WSN2;,Latartoxin-2a 
P0DP97;,Mu-theraphotoxin-Ep1a 
P85146;,U14-ctenitoxin-Co1c
P85144;,U4-ctenitoxin-Co1c
B3EWF3; K7XJP8;,Latartoxin-1b 
Q02989;,Alpha-latroinsectotoxin-Lt1a
B3EWF6; K7WMQ9;,Latartoxin-2c 
Q1ELT9;,M-zodatoxin-Lt1a 
Q1ELU1;,M-zodatoxin-Lt2a 
Q1ELU0;,M-zodatoxin-Lt2b 
P0DJE4;,Alpha-latrotoxin-Lm1a
B3EWF5; K7WU42;,Latartoxin-2b 
R4J7Z9;,Hyaluronidase
P0CH70; P0CH69;,U1-theraphotoxin-Hhn1a
P0CH72;,U3-theraphotoxin-Hhn1r
P0CH73;,Hainantoxin F5-22.36
P0CH74;,Hainantoxin F6-34.84 
P0CH78;,Hainantoxin F8-35.23
B3EWF2; K7WU35;,Latartoxin-1a 
B6DCJ0; B6DCJ2;,U1-lycotoxin-Ls1b
B6DCJ1;,U1-lycotoxin-Ls1b
B6DCJ3;,U1-lycotoxin-Ls1b
B6DCJ4;,U1-lycotoxin-Ls1b
B6DCJ5;,U1-lycotoxin-Ls1e
B3FIU2;,U12-theraphotoxin-Hs1a
B6DCK8;,U1-lycotoxin-Ls1g
B6DCL2;,U1-lycotoxin-Ls1d
B6DCL3;,U1-lycotoxin-Ls1k
B6DCL6;,U1-lycotoxin-Ls1m
B6DCP5;,U1-lycotoxin-Ls1mm
B6DCS8;,U3-lycotoxin-Ls1k
B6DCS9;,U3-lycotoxin-Ls1q
P59368;,Delta-ctenitoxin-Pn1a 
P85276;,U5-ctenitoxin-Co1a
O76199; P29424;,Delta-ctenitoxin-Pn2c 
P85275;,U8-ctenitoxin-Co1a
P85277;,U11-ctenitoxin-Co1b
C0HKD0;,Pi-theraphotoxin-Hm3a 
Q6B4T3;,U2-sicaritoxin-Li1a
P31010;,U7-ctenitoxin-Pn1b
P83747;,Kappa-theraphotoxin-Tb1c
B6DCT5;,U4-lycotoxin-Ls1c 
B6DCT6;,U4-lycotoxin-Ls1a 
B6DCT7;,U4-lycotoxin-Ls1d 
B6DCT8;,U4-lycotoxin-Ls1a 
C0HKG4;,Toxin CpTx-4a 
B6DCW6;,U7-lycotoxin-Ls1e
B6DCW7;,U7-lycotoxin-Ls1g
B6DCX0;,U7-lycotoxin-Ls1b
B6DCX1;,U7-lycotoxin-Ls1c
B6DCX2; B6DCX3;,U8-lycotoxin-Ls1a
B6DCX9;,U8-lycotoxin-Ls1s
B6DCY0;,U8-lycotoxin-Ls1w
B6DCY6;,U8-lycotoxin-Ls1f
B6DCY7;,U8-lycotoxin-Ls1g
B6DCZ0;,U8-lycotoxin-Ls1j
B6DCZ7;,U8-lycotoxin-Ls1p
B6DCZ8;,U8-lycotoxin-Ls1m
B6DCZ9;,U8-lycotoxin-Ls1q
B6DD00;,U8-lycotoxin-Ls1m
B6DD01;,U9-lycotoxin-Ls1a
P85274;,U7-ctenitoxin-Co1a
P83902;,U8-ctenitoxin-Pk1a
P84014;,Omega-ctenitoxin-Pr2a 
P84031;,U7-ctenitoxin-Pr1a
P0C2S7;,U11-ctenitoxin-Pn1a
B6DD03;,U10-lycotoxin-Ls1c
B6DD04;,U10-lycotoxin-Ls1a
Q8T3S6;,U2-aranetoxin-Av1a
Q5Y4U2;,U10-agatoxin-Ao1a
Q5Y4U5;,U4-agatoxin-Ao1a 
Q5Y4W1;,U5-agatoxin-Ao1a
B6DD19;,U13-lycotoxin-Ls1a
B6DD20;,U13-lycotoxin-Ls1c
B6DD21;,U13-lycotoxin-Ls1a
B6DD22;,U13-lycotoxin-Ls1a
B6DD23;,U13-lycotoxin-Ls1d
B6DD24;,U13-lycotoxin-Ls1e
B6DD25;,U13-lycotoxin-Ls1f
B6DD26;,U13-lycotoxin-Ls1f
B6DD27;,U13-lycotoxin-Ls1a
B6DD28;,U13-lycotoxin-Ls1b
B6DD34;,U14-lycotoxin-Ls1a
B6DD35;,U14-lycotoxin-Ls1a
B6DD40;,U15-lycotoxin-Ls1f
B6DD47;,U15-lycotoxin-Ls1e
B6DD48;,U15-lycotoxin-Ls1f
P85033;,U4-ctenitoxin-Co1a
P82960;,U1-theraphotoxin-Hs1b
C0HJK5;,Mu-thomitoxin-Hme1c 
B6DD57;,U19-lycotoxin-Ls1a
B6DD58;,U19-lycotoxin-Ls1b
P61791;,Kappa-sparatoxin-Hv1e
B3EWH0;,Purotoxin-2 
Q75WH1;,Mu-hexatoxin-Mg1c
P61233;,U5-hexatoxin-Mr1a
P61232;,Beta-hexatoxin-Mr1a
B3EWU4;,Short cationic peptide-1d 
B3EWU8;,Short cationic peptide-1g 
B3EWV5;,Short cationic peptide-3a 
B3EWV8;,Short cationic peptide-4a 
B3EWV9;,Short cationic peptide-4b 
B3EWW0;,Short cationic peptide-4c 
B3EWW1;,Short cationic peptide-4d 
B3EWU7;,Short cationic peptide-4e 
B3EWW2;,Short cationic peptide-4f 
B3EWV0;,Short cationic peptide-5a 
B3EWX0;,Short cationic peptide-6a 
B3EWX2;,Short cationic peptide-6b 
B3EWX3;,Short cationic peptide-6c 
B6DCU1;,Toxin-like structure LSTX-D2
B6DCU2;,Toxin-like structure LSTX-D3
B6DCU3;,Toxin-like structure LSTX-D4
B6DCK6;,U1-lycotoxin-Ls1b
B6DCL5;,U1-lycotoxin-Ls1l
B6DCL7;,U1-lycotoxin-Ls1n
B6DCL8;,U1-lycotoxin-Ls1f
B6DCM0;,U1-lycotoxin-Ls1p
B6DCM6;,U1-lycotoxin-Ls1b
B6DCM8;,U1-lycotoxin-Ls1w
P83919; P83920;,U2-ctenitoxin-Cs1a
P60979;,Omega-filistatoxin-Kh1a
P83894;,U13-ctenitoxin-Pn1a
B6DCM9;,U1-lycotoxin-Ls1x
B6DCN6;,U1-lycotoxin-Ls1ee
B6DCN7;,U1-lycotoxin-Ls1ff
B6DCN8;,U1-lycotoxin-Ls1gg
B6DCP1;,U1-lycotoxin-Ls1jj
B6DCP2;,U1-lycotoxin-Ls1kk
B6DCP3;,U1-lycotoxin-Ls1kk
B6DCP4;,U1-lycotoxin-Ls1ll
P0DPG5;,Mu-theraphotoxin-Ae1a 
P60992;,Delta-theraphotoxin-Hm1a 
P84062;,U5-ctenitoxin-Pk1a
P0DOC5;,Delta-theraphotoxin-Hm1b 
P84063;,U5-ctenitoxin-Pk1b
P0DL48;,Omega-agatoxin-Aa5a 
Q5Y4U4;,U8-agatoxin-Ao1a
P85268;,U10-ctenitoxin-Co1b
B6DD54;,U17-lycotoxin-Ls1a
O76200;,Kappa-ctenitoxin-Pn1a
P83911;,Omega-ctenitoxin-Pr1a
P85269;,U10-ctenitoxin-Co1a
B6DD55;,U18-lycotoxin-Ls1a
O76201;,Omega-ctenitoxin-Pn1a
P84000;,U10-ctenitoxin-Pr1a
P85270;,U3-ctenitoxin-Co1a
P83895;,U1-ctenitoxin-Pk1a
P83909;,U2-ctenitoxin-Pr1a
P36985;,U1-plectoxin-Pt1c
P36986;,U1-plectoxin-Pt1d
P36987;,U1-plectoxin-Pt1e
P36988;,U1-plectoxin-Pt1f
P36983;,U1-plectoxin-Pt1a
P83998;,U14-ctenitoxin-Pn1a
P37045;,Omega-agatoxin-Aa4b
P83892;,U4-ctenitoxin-Pr1a
B6DD29;,U2-lycotoxin-Ls1a
B6DD30;,U2-lycotoxin-Ls1b
B6DD31;,U2-lycotoxin-Ls1c
B6DD32;,U2-lycotoxin-Ls1d
B6DD33;,U2-lycotoxin-Ls1e
B6DCS0; B6DCP8;,U3-lycotoxin-Ls1k
B6DCQ3;,U3-lycotoxin-Ls1a
B6DCQ4;,U3-lycotoxin-Ls1a
P83999;,U18-ctenitoxin-Pn1a
B6DCQ7;,U3-lycotoxin-Ls1b
B6DCQ8;,U3-lycotoxin-Ls1c
B6DCQ9;,U3-lycotoxin-Ls1d
B6DCS2;,U3-lycotoxin-Ls1k
B6DCS3;,U3-lycotoxin-Ls1k
B6DCS4;,U3-lycotoxin-Ls1k
D2Y2B6;,Hainantoxin-XV
D2Y2D8;,Hainantoxin-XV-4
P0DMD8;,U2-sicaritoxin-Li1b
P83910;,U6-ctenitoxin-Pk1a
B6DCS5;,U3-lycotoxin-Ls1n
B6DCS6;,U3-lycotoxin-Ls1o
B6DCS7;,U3-lycotoxin-Ls1p
B6DCT0;,U3-lycotoxin-Ls1k
B6DCT1;,U3-lycotoxin-Ls1r
P85263;,U13-ctenitoxin-Co1a 
P83905;,U2-ctenitoxin-Pk1a 
P61229;,U1-ctenitoxin-Pn1a 
P85265;,U12-ctenitoxin-Co1a 
P84028;,Delta-ctenitoxin-Asp2e
P85235;,U11-ctenitoxin-Co1a
P83896;,U4-ctenitoxin-Pk1a
B6DCT3; B6DCT9;,U4-lycotoxin-Ls1a 
B6DCT4;,U4-lycotoxin-Ls1b 
Q27Q53;,U1-sicaritoxin-Li1c
B6DCV0;,U5-lycotoxin-Ls1a
B6DCV3;,U6-lycotoxin-Ls1d
B6DCV5;,U6-lycotoxin-Ls1e
B6DCV8;,U6-lycotoxin-Ls1g
B6DCW0;,U6-lycotoxin-Ls1b
B6DCW1;,U7-lycotoxin-Ls1a
B6DCW2;,U7-lycotoxin-Ls1a
B6DCW5;,U7-lycotoxin-Ls1f
B6DCW8;,U7-lycotoxin-Ls1h
B6DCX4;,U8-lycotoxin-Ls1r
B6DCX5;,U8-lycotoxin-Ls1u
B6DCX6;,U8-lycotoxin-Ls1v
B6DCX7;,U8-lycotoxin-Ls1t
B6DCY2;,U8-lycotoxin-Ls1b
B6DCY3;,U8-lycotoxin-Ls1c
B6DCY4;,U8-lycotoxin-Ls1d
P83258;,Delta-amaurobitoxin-Pl1c
B6DD41;,U15-lycotoxin-Ls1d
B6DD51;,U15-lycotoxin-Ls1h
P68424; B3FIU3;,Omega-theraphotoxin-Hs1a
P56676; Q86C48; Q9NJC2;,Mu/omega-theraphotoxin-Hs1a
Q86C49;,U1-theraphotoxin-Hs1f
P68422;,U1-theraphotoxin-Hs1f
P68423;,U4-theraphotoxin-Hs1a
P60975;,Mu-theraphotoxin-Hhn1a
P85505;,Mu-thomitoxin-Hme1a 
P36990;,U3-plectoxin-Pt1a
P49267;,U1-cyrtautoxin-As1a
P49269;,U1-cyrtautoxin-As1b
P49270;,U1-cyrtautoxin-As1c 
P49271;,U3-cyrtautoxin-As1a
P49272;,U1-cyrtautoxin-As1d
P36989;,U2-plectoxin-Pt1a
P86269;,Purotoxin-1 
P61792;,Kappa-sparatoxin-Hv1d
Q7M3P1;,U28-ctenitoxin-Pn1a
Q9TWR5;,U27-ctenitoxin-Pn1a
B6DCU0;,Toxin-like structure LSTX-D1
B6DCU5;,Toxin-like structure LSTX-D6
B6DCU6;,Toxin-like structure LSTX-D7
B6DCU7;,Toxin-like structure LSTX-D8
B6DCJ6;,U1-lycotoxin-Ls1e
B6DCJ7;,U1-lycotoxin-Ls1b
B6DCJ9; B6DCJ8;,U1-lycotoxin-Ls1a
B6DCK0;,U1-lycotoxin-Ls1b
B6DCK1;,U1-lycotoxin-Ls1b
B6DCK2;,U1-lycotoxin-Ls1b
B6DCK3;,U1-lycotoxin-Ls1b
B6DCK4;,U1-lycotoxin-Ls1b
B6DCK5;,U1-lycotoxin-Ls1b
B6DCK9;,U1-lycotoxin-Ls1h
B6DCL0;,U1-lycotoxin-Ls1i
B6DCL1;,U1-lycotoxin-Ls1j
B6DCL4;,U1-lycotoxin-Ls1c
B6DCL9;,U1-lycotoxin-Ls1o
B6DCM1;,U1-lycotoxin-Ls1q
B6DCM2;,U1-lycotoxin-Ls1r
B6DCM3;,U1-lycotoxin-Ls1s
B6DCM4;,U1-lycotoxin-Ls1t
B6DCM5;,U1-lycotoxin-Ls1u
B6DCM7;,U1-lycotoxin-Ls1v
B6DCN0;,U1-lycotoxin-Ls1y
B6DCN1;,U1-lycotoxin-Ls1z
B6DCN2;,U1-lycotoxin-Ls1aa
B6DCN3;,U1-lycotoxin-Ls1bb
B6DCN4;,U1-lycotoxin-Ls1cc
B6DCN5;,U1-lycotoxin-Ls1dd
B6DCN9;,U1-lycotoxin-Ls1hh
B6DCP0;,U1-lycotoxin-Ls1ii
B3FIQ7;,U10-theraphotoxin-Hs2a
P84016;,U6-ctenitoxin-Pr1a
B3FIN4; B3FIN5;,U7-theraphotoxin-Hs1a
P83903;,U1-ctenitoxin-Pr1a
Q6B4T5;,U1-sicaritoxin-Li1a
P83745;,Kappa-theraphotoxin-Tb1a
B3EWT2;,Toxin CSTX-17 
P81791;,U7-ctenitoxin-Pn1a
P81789;,Omega-ctenitoxin-Pn2a 
P0DL38;,Delta/omega-plectoxin-Pt1a 
P81793;,U6-ctenitoxin-Pn1a
P0C2S6;,U9-ctenitoxin-Pn1a
P83915;,U3-ctenitoxin-Pk1a
P83559;,Mu-hexatoxin-Mg2a 
P36984; Q27912;,U1-plectoxin-Pt1b
P30288;,Omega-agatoxin-Aa4a
B6DD52;,U16-lycotoxin-Ls1a
Q75WH3;,U11-hexatoxin-Mg1a
B6DD53;,U16-lycotoxin-Ls1b
P84017;,U13-ctenitoxin-Pn1b
P86418;,Neurotoxin PRTx26An0C3 
B3EWT3;,Toxin CSTX-18 
B3EWT4;,Toxin CSTX-19 
P83996;,U17-ctenitoxin-Pn1a
P85267;,U6-ctenitoxin-Co1a
P29426;,U5-ctenitoxin-Pn1a
P60993;,Kappa-theraphotoxin-Hm2a
Q6B4T4;,U1-sicaritoxin-Li1b
P83746;,Kappa-theraphotoxin-Tb1b
B6DCP6;,U3-lycotoxin-Ls1w
B6DCP7;,U3-lycotoxin-Ls1x
B6DCQ0;,U3-lycotoxin-Ls1a
B6DCQ1;,U3-lycotoxin-Ls1u
B6DCQ2;,U3-lycotoxin-Ls1v
B6DCQ5;,U3-lycotoxin-Ls1a
B6DCQ6;,U3-lycotoxin-Ls1a
B6DCR0;,U3-lycotoxin-Ls1a
B6DCR1;,U3-lycotoxin-Ls1e
B6DCR2;,U3-lycotoxin-Ls1f
B6DCR3; B6DCP9;,U3-lycotoxin-Ls1a
B6DCR4;,U3-lycotoxin-Ls1a
B6DCR5;,U3-lycotoxin-Ls1a
B6DCR6;,U3-lycotoxin-Ls1g
B6DCR7;,U3-lycotoxin-Ls1h
B6DCR8;,U3-lycotoxin-Ls1i
B6DCR9;,U3-lycotoxin-Ls1j
P58605;,Omega-segestritoxin-Sf1a
B6DCS1;,U3-lycotoxin-Ls1l
D2Y2B7;,Hainantoxin-XV.2
D2Y2B8;,Hainantoxin-XV-2
D2Y2B9;,Hainantoxin-XV-3
D2Y2D9;,Hainantoxin-XV-5
B6DCT2;,U3-lycotoxin-Ls1s
W4VRX0;,Toxin ICK-22
W4VSI5;,Toxin ICK-23
W4VSB0;,Toxin ICK-24
P84012;,U7-ctenitoxin-Pk1a
P29423;,U2-ctenitoxin-Pn1a
O76198;,U2-ctenitoxin-Pn1b
P81790;,Omega-ctenitoxin-Pn3a
P0DPG7;,Beta/delta-ctenitoxin-Pr1a 
P85262;,U9-ctenitoxin-Co1a 
P84034;,Delta-ctenitoxin-Pn1b 
P85264;,U15-ctenitoxin-Co1a 
P85266;,U1-ctenitoxin-Co1a 
P29425; Q95UF2;,Delta-ctenitoxin-Pn2a 
P83904;,Delta-ctenitoxin-Pr2d
P61789;,Omega-sparatoxin-Hv1a
P61790;,Omega-sparatoxin-Hv1b
B6DCV1;,U6-lycotoxin-Ls1a
B6DCV2;,U6-lycotoxin-Ls1c
B6DCV4;,U6-lycotoxin-Ls1d
B6DCV6;,U6-lycotoxin-Ls1f
B6DCV7;,U6-lycotoxin-Ls1d
B6DCV9;,U6-lycotoxin-Ls1h
B6DCW3;,U7-lycotoxin-Ls1d
B6DCW4;,U7-lycotoxin-Ls1e
B6DCW9;,U7-lycotoxin-Ls1c
B6DCX8;,U8-lycotoxin-Ls1t
B6DCY5;,U8-lycotoxin-Ls1e
B6DCY8;,U8-lycotoxin-Ls1h
B6DCY9;,U8-lycotoxin-Ls1i
B6DCZ1;,U8-lycotoxin-Ls1k
B6DCZ2;,U8-lycotoxin-Ls1l
B6DCZ3;,U8-lycotoxin-Ls1m
B6DCZ4;,U8-lycotoxin-Ls1m
B6DCZ5;,U8-lycotoxin-Ls1n
B6DCZ6;,U8-lycotoxin-Ls1o
P83901;,U8-ctenitoxin-Pr1a
P0C2S8;,U12-ctenitoxin-Pn1a
B6DD05;,U10-lycotoxin-Ls1b
B6DD06;,U10-lycotoxin-Ls1d
B6DD02;,U10-lycotoxin-Ls1a
B3EWW3;,Cupiennin-7a 
B3EWW4;,Cupiennin-7b 
Q8MTX1;,U3-aranetoxin-Ce1a
P01478;,Delta-hexatoxin-Ar1a 
B6DD36;,U14-lycotoxin-Ls1b
B6DD37;,U14-lycotoxin-Ls1b
B6DD38;,U14-lycotoxin-Ls1a
B6DD39;,U14-lycotoxin-Ls1c
B6DD42;,U15-lycotoxin-Ls1d
B6DD43;,U15-lycotoxin-Ls1a
B6DD44;,U15-lycotoxin-Ls1b
B6DD45;,U15-lycotoxin-Ls1c
B6DD46;,U15-lycotoxin-Ls1d
B6DD49;,U15-lycotoxin-Ls1d
B6DD50;,U15-lycotoxin-Ls1g
P85272;,U2-ctenitoxin-Co1a
P85034;,U17-ctenitoxin-Co1a
P85271;,U4-ctenitoxin-Co1b
P82959; Q86C50;,U1-theraphotoxin-Hs1a
P61104;,Omega-theraphotoxin-Hs2a
P68420;,U3-theraphotoxin-Hs1a
P68421;,U1-theraphotoxin-Hs1a
P85506;,Mu-thomitoxin-Hme1b 
B6DD56;,U19-lycotoxin-Ls1a
B6DD60;,U20-lycotoxin-Ls1a
B6DD61;,U20-lycotoxin-Ls1b
B6DD62;,U20-lycotoxin-Ls1c
B6DCY1;,U20-lycotoxin-Ls1d
P0DL75;,RTX-VII 
B3EWU1;,Short cationic peptide-1a 
B3EWU2;,Short cationic peptide-1b 
B3EWU3;,Short cationic peptide-1c 
B3EWU5;,Short cationic peptide-1e 
B3EWU6;,Short cationic peptide-1f 
B3EWX4;,Short cationic peptide-6d 
P68426;,U6-theraphotoxin-Hs1a
B6DD59;,Toxin-like structure LSTX-R1
B6DCU4;,Toxin-like structure LSTX-D5
B6DCU9;,Toxin-like structure LSTX-D10
B6DCU8;,Toxin-like structure LSTX-D9
B3FIP1;,U8-theraphotoxin-Hs1a
B3FIP2;,U8-theraphotoxin-Hs1b
P83580; A5A3H0;,Omega-hexatoxin-Ar1a
P0C2L5;,Omega-hexatoxin-Hi1a
P0DMQ0;,Omega-hexatoxin-Hmo1a 
S0F1M4;,Omega-hexatoxin-Hvn1a 
A5A3H1;,Omega-hexatoxin-Ar1b
P0C2L4;,Omega-hexatoxin-Hf1a
P0C2L6;,Omega-hexatoxin-Hi1b
P0DMQ1;,Omega-hexatoxin-Hmo1b 
P81595;,Omega-hexatoxin-Hv1b
S0F1N7;,Omega-hexatoxin-Hvn1b 
A5A3H2;,Omega-hexatoxin-Ar1c
P0C2L7;,Omega-hexatoxin-Hi1c
P84018;,U13-ctenitoxin-Pn1c
P11057;,Mu-agatoxin-Aa1a
B3EWN1;,Beta/kappa-theraphotoxin-Pm2a 
B3EWN0;,Beta-theraphotoxin-Pmr1a 
P61504;,U1-segestritoxin-Sf1a 
